-- -----------------------------------------------------------------
-- Roles
-- -----------------------------------------------------------------
INSERT INTO roles (id, name) VALUES
(1, 'ROLE_ADMIN'),
(2, 'ROLE_COLLECTOR');

-- -----------------------------------------------------------------
-- Users (plain passwords – will be encoded by the app on first start)
-- -----------------------------------------------------------------
INSERT INTO users (id, username, password, full_name, email, phone, active) VALUES
(1, 'admin', 'admin123', 'System Admin', 'admin@smartwaste.com', '9999999999', TRUE),
(2, 'collector1', 'collector123', 'Raj Kumar', 'raj@smartwaste.com', '8888888888', TRUE),
(3, 'collector2', 'collector123', 'Priya Sharma', 'priya@smartwaste.com', '7777777777', TRUE);

-- -----------------------------------------------------------------
-- Assign roles to users
-- -----------------------------------------------------------------
INSERT INTO user_roles (user_id, role_id) VALUES
(1, 1),
(2, 2),
(3, 2);

-- -----------------------------------------------------------------
-- Bins
-- -----------------------------------------------------------------
INSERT INTO bins (id, bin_code, latitude, longitude, area, capacity_liters,
                 current_fill_percentage, status, last_collected_at, created_at)
VALUES
(1, 'BIN-001', 28.7041, 77.1025, 'Connaught Place', 120, 25, 'OK',
 '2025-12-07 09:30:00', '2025-12-06 10:00:00'),
(2, 'BIN-002', 28.6139, 77.2090, 'India Gate', 150, 85, 'NEAR_FULL',
 '2025-12-07 08:45:00', '2025-12-06 10:15:00'),
(3, 'BIN-003', 28.6129, 77.2295, 'Pragati Maidan', 100, 95, 'FULL',
 '2025-12-06 18:00:00', '2025-12-06 11:00:00'),
(4, 'BIN-004', 28.5355, 77.3910, 'Noida Sector 18', 200, 60, 'OK',
 '2025-12-07 11:10:00', '2025-12-06 12:00:00'),
(5, 'BIN-005', 28.4595, 77.0266, 'Gurugram Cyber Hub', 180, 72, 'NEAR_FULL',
 '2025-12-07 10:20:00', '2025-12-06 12:30:00');

-- -----------------------------------------------------------------
-- Bin Sensor Readings (historical)
-- -----------------------------------------------------------------
INSERT INTO bin_sensor_readings (id, bin_id, reading_time, fill_percentage, battery_level, temperature) VALUES
(1, 1, '2025-12-07 08:00:00', 10, 98, 26.5),
(2, 1, '2025-12-07 10:00:00', 18, 97, 27.0),
(3, 1, '2025-12-07 12:00:00', 25, 96, 27.5),
(4, 2, '2025-12-07 08:00:00', 60, 95, 27.0),
(5, 2, '2025-12-07 10:00:00', 75, 94, 28.0),
(6, 2, '2025-12-07 12:00:00', 85, 93, 28.5),
(7, 3, '2025-12-07 08:00:00', 70, 92, 26.0),
(8, 3, '2025-12-07 10:00:00', 88, 91, 27.0),
(9, 3, '2025-12-07 11:00:00', 95, 90, 27.5),
(10, 4, '2025-12-07 08:00:00', 40, 96, 26.5),
(11, 4, '2025-12-07 10:00:00', 55, 95, 27.0),
(12, 4, '2025-12-07 12:00:00', 60, 94, 27.5),
(13, 5, '2025-12-07 08:00:00', 50, 93, 26.5),
(14, 5, '2025-12-07 10:00:00', 65, 92, 27.0),
(15, 5, '2025-12-07 12:00:00', 72, 91, 27.5);

-- -----------------------------------------------------------------
-- Vehicles
-- -----------------------------------------------------------------
INSERT INTO vehicles (id, name, license_plate, capacity_liters, active) VALUES
(1, 'Truck 1', 'DL01AB1234', 800, TRUE),
(2, 'Truck 2', 'DL01CD5678', 1000, TRUE);

-- -----------------------------------------------------------------
-- Collection Routes
-- -----------------------------------------------------------------
INSERT INTO collection_routes (id, route_date, status, algorithm_used, vehicle_id, created_at) VALUES
(1, '2025-12-08', 'PLANNED', 'NEAREST_NEIGHBOR', 1, '2025-12-07 20:00:00'),
(2, '2025-12-08', 'IN_PROGRESS', 'NEAREST_NEIGHBOR', 2, '2025-12-07 20:30:00');

-- -----------------------------------------------------------------
-- Route Stops
-- -----------------------------------------------------------------
INSERT INTO route_stops (id, route_id, bin_id, stop_order, planned_arrival, actual_arrival, pickup_confirmed) VALUES
(1, 1, 3, 1, '2025-12-08 08:00:00', NULL, FALSE),
(2, 1, 2, 2, '2025-12-08 08:30:00', NULL, FALSE),
(3, 1, 5, 3, '2025-12-08 09:00:00', NULL, FALSE),
(4, 2, 1, 1, '2025-12-08 08:15:00', '2025-12-08 08:18:00', TRUE),
(5, 2, 4, 2, '2025-12-08 09:00:00', NULL, FALSE);

-- -----------------------------------------------------------------
-- Alerts
-- -----------------------------------------------------------------
INSERT INTO alerts (id, bin_id, created_at, alert_type, message, resolved) VALUES
(1, 3, '2025-12-07 11:05:00', 'OVERFLOW', 'Bin BIN-003 is full. Immediate collection required.', FALSE),
(2, 2, '2025-12-07 12:05:00', 'NEAR_FULL', 'Bin BIN-002 is near full. Schedule collection soon.', TRUE),
(3, 5, '2025-12-07 12:10:00', 'NEAR_FULL', 'Bin BIN-005 is near full.', FALSE);

-- -----------------------------------------------------------------
-- Predictions (ML output stub)
-- -----------------------------------------------------------------
INSERT INTO bin_fill_predictions (id, bin_id, predicted_time, predicted_fill_percentage, model_version, created_at)
VALUES
(1, 1, '2025-12-08 14:00:00', 80, 'v1.0', '2025-12-08 07:00:00'),
(2, 2, '2025-12-08 10:30:00', 95, 'v1.0', '2025-12-08 07:00:00'),
(3, 3, '2025-12-08 09:00:00', 100, 'v1.0', '2025-12-08 07:00:00'),
(4, 4, '2025-12-08 18:00:00', 70, 'v1.0', '2025-12-08 07:00:00'),
(5, 5, '2025-12-08 11:30:00', 90, 'v1.0', '2025-12-08 07:00:00');
